{
  "loss": [
    0.5147787928581238,
    0.38077762722969055,
    0.345171183347702,
    0.3067689538002014,
    0.26577305793762207,
    0.23836000263690948,
    0.22063982486724854,
    0.19051837921142578,
    0.17396453022956848,
    0.1653221696615219,
    0.16797085106372833,
    0.15795990824699402,
    0.15161660313606262,
    0.1525024175643921,
    0.14187350869178772,
    0.13244448602199554,
    0.1420908421278,
    0.1346777379512787,
    0.12948566675186157,
    0.1236157938838005,
    0.13350345194339752,
    0.1138431504368782,
    0.11593759059906006,
    0.10328042507171631,
    0.09933669120073318,
    0.10811497271060944,
    0.100574791431427,
    0.09495890885591507,
    0.09770374000072479,
    0.0924234688282013,
    0.08904781192541122,
    0.09852401912212372,
    0.08926022052764893,
    0.09491438418626785,
    0.08725207298994064,
    0.08335227519273758,
    0.08596359938383102,
    0.09810476750135422,
    0.08660677820444107,
    0.0845528393983841,
    0.0817396268248558,
    0.08298556506633759,
    0.0807732492685318,
    0.08278433978557587,
    0.08096188306808472,
    0.08357136696577072,
    0.08209887892007828,
    0.07722219079732895,
    0.07808339595794678,
    0.08370471000671387,
    0.07972151041030884,
    0.07218119502067566,
    0.07292614132165909,
    0.06892221421003342,
    0.07078291475772858,
    0.07145964354276657,
    0.06767378002405167,
    0.06743193417787552,
    0.06846269965171814,
    0.0690283477306366,
    0.06624917685985565,
    0.06665969640016556,
    0.06578094512224197,
    0.06484096497297287,
    0.0655379444360733,
    0.06980177015066147,
    0.06480264663696289,
    0.0645815059542656,
    0.06460816413164139,
    0.06368469446897507,
    0.06468301266431808,
    0.06161024048924446,
    0.06176517903804779,
    0.06204206123948097,
    0.061145421117544174,
    0.06307458877563477,
    0.06285478174686432,
    0.06255397945642471,
    0.06218850240111351,
    0.06333176791667938,
    0.06395984441041946,
    0.06314650177955627
  ],
  "val_loss": [
    0.35871583223342896,
    0.3366166949272156,
    0.2876865565776825,
    0.24733063578605652,
    0.20648066699504852,
    0.15760037302970886,
    0.12654757499694824,
    0.20889708399772644,
    0.14610092341899872,
    0.12238506227731705,
    0.13395662605762482,
    0.10428643226623535,
    0.11650417745113373,
    0.13366475701332092,
    0.10103768110275269,
    0.15449045598506927,
    0.09974508732557297,
    0.08482805639505386,
    0.0899529978632927,
    0.22449521720409393,
    0.10602771490812302,
    0.0877433568239212,
    0.09626203030347824,
    0.08021984249353409,
    0.08561155200004578,
    0.09625761955976486,
    0.07805918157100677,
    0.08090385049581528,
    0.09556175023317337,
    0.08320833742618561,
    0.07099367678165436,
    0.07245273143053055,
    0.07196357101202011,
    0.07634416222572327,
    0.06808212399482727,
    0.06496002525091171,
    0.0624411404132843,
    0.07838709652423859,
    0.07500193268060684,
    0.05740151181817055,
    0.07211519777774811,
    0.0724467933177948,
    0.060459379106760025,
    0.061787199229002,
    0.05536557361483574,
    0.06359301507472992,
    0.0614800825715065,
    0.06428825855255127,
    0.06721030175685883,
    0.06499588489532471,
    0.06196936219930649,
    0.06255454570055008,
    0.05539020523428917,
    0.05628751963376999,
    0.05863935127854347,
    0.05010771378874779,
    0.06165128946304321,
    0.05719080567359924,
    0.05291547626256943,
    0.06081145629286766,
    0.04916033893823624,
    0.05448362976312637,
    0.06210320442914963,
    0.05449425429105759,
    0.052610550075769424,
    0.04935482144355774,
    0.04831564053893089,
    0.05114878714084625,
    0.05382310599088669,
    0.05129473656415939,
    0.05128683149814606,
    0.05362626165151596,
    0.05459650978446007,
    0.054984599351882935,
    0.05201198533177376,
    0.05222925543785095,
    0.050591032952070236,
    0.05125473067164421,
    0.05061979964375496,
    0.05266939103603363,
    0.05297062173485756,
    0.05223320424556732
  ],
  "mae": [
    0.4067056179046631,
    0.318065345287323,
    0.2980667054653168,
    0.28880926966667175,
    0.2796686291694641,
    0.2682477533817291,
    0.2554788589477539,
    0.2468196004629135,
    0.24021866917610168,
    0.23548486828804016,
    0.2325734794139862,
    0.23014147579669952,
    0.22567451000213623,
    0.22415654361248016,
    0.22021742165088654,
    0.21949587762355804,
    0.21636848151683807,
    0.21396368741989136,
    0.2107718288898468,
    0.20801778137683868,
    0.20830246806144714,
    0.20269277691841125,
    0.20253315567970276,
    0.19526943564414978,
    0.19378945231437683,
    0.1933002918958664,
    0.1914508044719696,
    0.19033882021903992,
    0.18808859586715698,
    0.18674778938293457,
    0.18369999527931213,
    0.18528147041797638,
    0.18260498344898224,
    0.1827528476715088,
    0.17862078547477722,
    0.179067000746727,
    0.179800882935524,
    0.17932094633579254,
    0.17752008140087128,
    0.1754622906446457,
    0.17492054402828217,
    0.17383897304534912,
    0.17370237410068512,
    0.1727752834558487,
    0.1729205995798111,
    0.17168374359607697,
    0.171458438038826,
    0.17034709453582764,
    0.16984917223453522,
    0.17083628475666046,
    0.16683076322078705,
    0.16538795828819275,
    0.16588260233402252,
    0.16373375058174133,
    0.16351257264614105,
    0.16347508132457733,
    0.16154198348522186,
    0.16202867031097412,
    0.1614513099193573,
    0.16316768527030945,
    0.16166122257709503,
    0.16033697128295898,
    0.16086655855178833,
    0.1606600433588028,
    0.16022689640522003,
    0.16079477965831757,
    0.15883253514766693,
    0.1606268286705017,
    0.1593753844499588,
    0.15903128683567047,
    0.15956687927246094,
    0.15971121191978455,
    0.15828444063663483,
    0.15884459018707275,
    0.15881730616092682,
    0.15881693363189697,
    0.1585320383310318,
    0.15859268605709076,
    0.1576519012451172,
    0.15805283188819885,
    0.15801498293876648,
    0.15879550576210022
  ],